customer_id,signup_date,country,acquisition_channel,device,plan
C00001,2024-04-04,USA,Organic,Android,Free
C00002,2024-03-05,Germany,Influencer,Web,Free
C00003,2024-04-24,France,Google Ads,Web,Free
C00004,2024-02-11,France,Google Ads,Web,Free
C00005,2024-05-23,Australia,Influencer,iOS,Pro
C00006,2024-01-29,USA,Organic,Web,Basic
C00007,2024-05-19,France,Facebook Ads,Web,Free
C00008,2024-02-15,USA,Facebook Ads,Web,Basic
C00009,2024-02-20,UK,Organic,iOS,Basic
C00010,2024-04-07,Australia,Google Ads,Web,Free
C00011,2024-05-25,Canada,Facebook Ads,Web,Free
C00012,2024-01-22,Italy,Referral,Web,Basic
C00013,2024-04-06,USA,Organic,iOS,Basic
C00014,2024-03-12,Germany,Influencer,Web,Free
C00015,2024-02-05,UK,Organic,Web,Free
C00016,2024-04-03,Germany,Organic,Android,Free
C00017,2024-02-04,Spain,Organic,Android,Free
C00018,2024-03-29,Canada,Organic,Web,Free
C00019,2024-02-12,Spain,Organic,Android,Free
C00020,2024-02-23,USA,Influencer,Android,Basic
C00021,2024-03-12,Spain,Google Ads,Android,Pro
C00022,2024-04-12,USA,Organic,Web,Free
C00023,2024-02-11,Spain,Organic,iOS,Free
C00024,2024-03-21,UK,Referral,Android,Basic
C00025,2024-02-23,UK,Email,Android,Pro
C00026,2024-02-16,Germany,Organic,Web,Basic
C00027,2024-04-09,Italy,Organic,Android,Basic
C00028,2024-02-24,USA,Organic,Web,Free
C00029,2024-02-17,UK,Organic,Web,Basic
C00030,2024-03-16,Spain,Organic,iOS,Free
C00031,2024-01-26,UK,Google Ads,Android,Free
C00032,2024-02-24,USA,Organic,iOS,Free
C00033,2024-03-22,UK,Google Ads,iOS,Free
C00034,2024-01-12,UK,Organic,Android,Pro
C00035,2024-02-04,Italy,Influencer,Web,Pro
C00036,2024-02-25,Australia,Email,Web,Free
C00037,2024-04-07,Germany,Facebook Ads,iOS,Free
C00038,2024-06-28,Italy,Google Ads,iOS,Free
C00039,2024-02-10,Germany,Google Ads,Android,Free
C00040,2024-01-18,USA,Google Ads,Android,Free
C00041,2024-01-21,USA,Referral,iOS,Pro
C00042,2024-02-14,UK,Google Ads,Web,Pro
C00043,2024-05-25,USA,Email,Web,Basic
C00044,2024-01-16,Italy,Influencer,Android,Basic
C00045,2024-03-04,Australia,Google Ads,Web,Free
C00046,2024-03-24,USA,Facebook Ads,Android,Free
C00047,2024-02-09,France,Organic,Web,Free
C00048,2024-04-11,Australia,Organic,Android,Free
C00049,2024-05-14,Italy,Google Ads,iOS,Basic
C00050,2024-01-26,Spain,Organic,Web,Free
C00051,2024-04-09,Germany,Email,Android,Free
C00052,2024-03-17,Australia,Organic,Web,Free
C00053,2024-02-28,France,Google Ads,Android,Pro
C00054,2024-02-14,France,Facebook Ads,iOS,Free
C00055,2024-05-02,USA,Facebook Ads,iOS,Basic
C00056,2024-01-26,USA,Google Ads,Android,Basic
C00057,2024-02-17,Germany,Email,Android,Free
C00058,2024-04-01,USA,Facebook Ads,iOS,Free
C00059,2024-03-08,USA,Google Ads,Android,Pro
C00060,2024-04-25,Australia,Organic,Android,Free
C00061,2024-02-04,USA,Google Ads,Web,Pro
C00062,2024-04-13,France,Email,Android,Free
C00063,2024-03-29,Germany,Facebook Ads,Web,Free
C00064,2024-03-19,Italy,Email,Android,Pro
C00065,2024-02-01,Germany,Google Ads,Android,Basic
C00066,2024-04-02,USA,Organic,iOS,Pro
C00067,2024-02-13,France,Organic,iOS,Basic
C00068,2024-08-15,Spain,Google Ads,iOS,Pro
C00069,2024-02-05,Italy,Facebook Ads,Android,Basic
C00070,2024-02-02,UK,Referral,iOS,Basic
C00071,2024-03-28,UK,Organic,iOS,Free
C00072,2024-01-09,Italy,Google Ads,Web,Free
C00073,2024-02-10,USA,Google Ads,iOS,Pro
C00074,2024-03-11,France,Google Ads,iOS,Free
C00075,2024-03-04,UK,Organic,iOS,Free
C00076,2024-01-18,USA,Organic,Web,Free
C00077,2024-05-08,UK,Organic,iOS,Free
C00078,2024-05-27,USA,Organic,Android,Free
C00079,2024-03-10,Canada,Organic,Android,Free
C00080,2024-01-19,Italy,Organic,Android,Pro
C00081,2024-01-13,USA,Facebook Ads,Android,Free
C00082,2024-02-01,Spain,Google Ads,Web,Free
C00083,2024-03-27,USA,Influencer,iOS,Free
C00084,2024-02-02,Germany,Organic,iOS,Free
C00085,2024-01-28,USA,Google Ads,iOS,Free
C00086,2024-03-27,Italy,Google Ads,iOS,Basic
C00087,2024-02-25,Australia,Organic,iOS,Free
C00088,2024-03-23,Canada,Email,iOS,Pro
C00089,2024-04-16,Spain,Organic,Android,Free
C00090,2024-02-17,Canada,Influencer,Android,Free
C00091,2024-03-03,Italy,Email,Android,Free
C00092,2024-02-16,Canada,Facebook Ads,Web,Free
C00093,2024-03-13,Italy,Facebook Ads,iOS,Basic
C00094,2024-03-04,Germany,Facebook Ads,iOS,Pro
C00095,2024-03-25,USA,Google Ads,Android,Free
C00096,2024-05-03,Germany,Facebook Ads,iOS,Free
C00097,2024-04-13,USA,Organic,iOS,Free
C00098,2024-01-26,France,Organic,Android,Free
C00099,2024-02-25,Germany,Google Ads,Web,Pro
C00100,2024-02-13,France,Facebook Ads,Web,Free
C00101,2024-02-28,USA,Email,iOS,Basic
C00102,2024-05-04,USA,Organic,Web,Free
C00103,2024-01-29,Germany,Email,Web,Free
C00104,2024-02-15,Italy,Organic,Android,Free
C00105,2024-03-03,UK,Google Ads,Web,Free
C00106,2024-02-21,UK,Google Ads,Android,Basic
C00107,2024-02-09,Canada,Google Ads,iOS,Free
C00108,2024-03-21,France,Organic,Android,Basic
C00109,2024-03-10,UK,Google Ads,Android,Free
C00110,2024-02-18,UK,Email,Android,Pro
C00111,2024-01-20,USA,Google Ads,Android,Free
C00112,2024-03-30,Italy,Google Ads,Web,Pro
C00113,2024-02-13,USA,Email,Web,Basic
C00114,2024-06-28,UK,Referral,Web,Pro
C00115,2024-05-12,USA,Google Ads,Web,Free
C00116,2024-04-23,USA,Organic,Web,Basic
C00117,2024-04-05,Australia,Email,iOS,Free
C00118,2024-05-11,USA,Facebook Ads,iOS,Free
C00119,2024-05-02,USA,Organic,Android,Free
C00120,2024-03-23,Germany,Organic,Web,Free
C00121,2024-04-02,USA,Email,Android,Pro
C00122,2024-05-22,USA,Organic,Web,Free
C00123,2024-03-25,Spain,Influencer,iOS,Free
C00124,2024-02-09,Australia,Organic,iOS,Basic
C00125,2024-05-04,Italy,Referral,Web,Free
C00126,2024-04-08,Spain,Google Ads,iOS,Basic
C00127,2024-01-16,Canada,Google Ads,iOS,Free
C00128,2024-03-04,USA,Email,iOS,Free
C00129,2024-02-15,Australia,Google Ads,iOS,Free
C00130,2024-05-13,Spain,Facebook Ads,Web,Pro
C00131,2024-02-28,Australia,Organic,Android,Basic
C00132,2024-02-05,Germany,Organic,Android,Pro
C00133,2024-05-07,USA,Organic,iOS,Free
C00134,2024-02-10,Spain,Facebook Ads,Web,Free
C00135,2024-01-17,Australia,Organic,Android,Free
C00136,2024-03-29,Italy,Organic,Android,Free
C00137,2024-03-21,USA,Google Ads,Web,Free
C00138,2024-03-13,USA,Facebook Ads,iOS,Basic
C00139,2024-03-23,USA,Referral,Web,Free
C00140,2024-04-21,Australia,Organic,Android,Free
C00141,2024-03-26,USA,Organic,Android,Pro
C00142,2024-02-15,USA,Influencer,iOS,Basic
C00143,2024-01-28,Italy,Organic,Web,Free
C00144,2024-01-17,USA,Email,Web,Free
C00145,2024-04-14,Spain,Email,iOS,Free
C00146,2024-02-25,UK,Referral,iOS,Free
C00147,2024-02-15,Spain,Organic,Web,Basic
C00148,2024-01-18,France,Email,Android,Free
C00149,2024-02-22,Italy,Referral,Web,Basic
C00150,2024-04-03,Italy,Facebook Ads,Android,Basic
C00151,2024-03-22,USA,Google Ads,Web,Free
C00152,2024-02-05,USA,Organic,Android,Free
C00153,2024-02-27,USA,Organic,iOS,Free
C00154,2024-02-05,Canada,Google Ads,Android,Basic
C00155,2024-01-17,Spain,Facebook Ads,Web,Free
C00156,2024-06-03,Germany,Google Ads,iOS,Free
C00157,2024-02-13,France,Google Ads,Android,Free
C00158,2024-05-10,USA,Google Ads,Android,Free
C00159,2024-03-01,Spain,Facebook Ads,Android,Basic
C00160,2024-04-09,Italy,Email,Web,Free
C00161,2024-04-11,USA,Organic,Web,Free
C00162,2024-03-17,Germany,Google Ads,iOS,Free
C00163,2024-04-04,USA,Organic,Web,Free
C00164,2024-04-07,France,Facebook Ads,Web,Pro
C00165,2024-04-26,Germany,Referral,Web,Basic
C00166,2024-01-15,USA,Influencer,Android,Free
C00167,2024-02-11,Germany,Organic,Web,Free
C00168,2024-07-06,UK,Influencer,iOS,Free
C00169,2024-01-13,Germany,Organic,iOS,Free
C00170,2024-02-21,France,Facebook Ads,Web,Free
C00171,2024-03-10,USA,Organic,iOS,Basic
C00172,2024-03-25,Australia,Email,iOS,Free
C00173,2024-05-10,Canada,Facebook Ads,Web,Basic
C00174,2024-03-22,UK,Facebook Ads,Web,Free
C00175,2024-05-11,USA,Email,iOS,Basic
C00176,2024-02-20,Australia,Organic,Web,Free
C00177,2024-01-08,Italy,Organic,Android,Basic
C00178,2024-04-24,USA,Email,Android,Free
C00179,2024-02-28,UK,Google Ads,Web,Free
C00180,2024-02-03,USA,Organic,Android,Basic
C00181,2024-06-03,France,Google Ads,iOS,Free
C00182,2024-02-04,USA,Facebook Ads,iOS,Basic
C00183,2024-02-20,UK,Organic,Android,Basic
C00184,2024-03-13,Canada,Organic,Android,Free
C00185,2024-03-04,France,Organic,Web,Free
C00186,2024-02-11,UK,Google Ads,Web,Free
C00187,2024-04-09,UK,Email,Android,Free
C00188,2024-02-07,France,Influencer,Web,Free
C00189,2024-05-06,USA,Facebook Ads,iOS,Basic
C00190,2024-06-22,USA,Organic,iOS,Free
C00191,2024-03-21,Spain,Email,Web,Free
C00192,2024-03-22,USA,Google Ads,iOS,Free
C00193,2024-02-06,Canada,Organic,iOS,Free
C00194,2024-07-18,Italy,Influencer,Android,Free
C00195,2024-01-30,USA,Referral,Android,Basic
C00196,2024-03-18,UK,Referral,Web,Basic
C00197,2024-05-17,France,Referral,iOS,Free
C00198,2024-02-10,Spain,Organic,iOS,Pro
C00199,2024-03-08,Italy,Organic,iOS,Free
C00200,2024-02-07,Australia,Facebook Ads,Android,Pro
C00201,2024-04-13,USA,Organic,Android,Basic
C00202,2024-05-01,Canada,Google Ads,Android,Basic
C00203,2024-02-04,UK,Referral,Web,Free
C00204,2024-01-15,Germany,Referral,Web,Free
C00205,2024-01-05,USA,Google Ads,iOS,Free
C00206,2024-02-11,USA,Referral,Android,Basic
C00207,2024-03-11,Australia,Email,Android,Free
C00208,2024-05-18,Germany,Facebook Ads,Web,Basic
C00209,2024-03-21,UK,Organic,Web,Free
C00210,2024-03-04,UK,Organic,iOS,Basic
C00211,2024-04-15,Spain,Google Ads,Web,Free
C00212,2024-04-10,Australia,Organic,Android,Free
C00213,2024-02-29,USA,Organic,iOS,Free
C00214,2024-01-22,USA,Organic,iOS,Free
C00215,2024-04-22,USA,Google Ads,Android,Free
C00216,2024-03-17,Italy,Email,Android,Basic
C00217,2024-01-23,France,Organic,iOS,Free
C00218,2024-03-26,Germany,Referral,Android,Free
C00219,2024-02-14,France,Facebook Ads,iOS,Basic
C00220,2024-05-21,UK,Organic,Android,Free
C00221,2024-02-09,Spain,Influencer,iOS,Pro
C00222,2024-04-26,Germany,Facebook Ads,iOS,Pro
C00223,2024-05-29,USA,Google Ads,Android,Free
C00224,2024-02-24,USA,Referral,iOS,Free
C00225,2024-03-11,Germany,Organic,Android,Free
C00226,2024-04-02,Italy,Facebook Ads,iOS,Basic
C00227,2024-03-23,UK,Organic,Android,Free
C00228,2024-01-21,Spain,Email,iOS,Basic
C00229,2024-02-24,Australia,Google Ads,Android,Basic
C00230,2024-05-05,USA,Facebook Ads,Web,Free
C00231,2024-02-27,USA,Organic,iOS,Basic
C00232,2024-06-02,USA,Facebook Ads,Android,Basic
C00233,2024-05-05,Australia,Referral,iOS,Free
C00234,2024-03-02,USA,Google Ads,Android,Pro
C00235,2024-02-22,UK,Facebook Ads,iOS,Basic
C00236,2024-01-31,Germany,Google Ads,Android,Free
C00237,2024-02-01,Australia,Email,Android,Free
C00238,2024-02-27,USA,Google Ads,Web,Free
C00239,2024-02-13,UK,Email,Android,Free
C00240,2024-03-03,Germany,Email,Android,Pro
C00241,2024-04-28,France,Google Ads,Android,Free
C00242,2024-03-22,Spain,Organic,Web,Basic
C00243,2024-04-18,USA,Google Ads,Web,Free
C00244,2024-03-01,Spain,Email,iOS,Free
C00245,2024-03-24,Canada,Organic,Web,Pro
C00246,2024-02-27,France,Facebook Ads,Android,Basic
C00247,2024-03-03,Canada,Email,Web,Free
C00248,2024-06-15,UK,Google Ads,Web,Free
C00249,2024-02-18,USA,Facebook Ads,iOS,Free
C00250,2024-03-28,Canada,Organic,Web,Free
C00251,2024-02-09,Germany,Organic,iOS,Free
C00252,2024-06-11,France,Referral,iOS,Free
C00253,2024-02-07,UK,Organic,iOS,Pro
C00254,2024-02-08,Italy,Organic,Web,Free
C00255,2024-05-09,France,Email,iOS,Pro
C00256,2024-04-04,USA,Google Ads,iOS,Basic
C00257,2024-03-01,Germany,Influencer,Web,Free
C00258,2024-04-11,Australia,Influencer,iOS,Basic
C00259,2024-03-08,Australia,Organic,iOS,Free
C00260,2024-02-20,Germany,Organic,iOS,Basic
C00261,2024-02-27,Spain,Referral,Android,Free
C00262,2024-06-01,USA,Google Ads,Android,Free
C00263,2024-04-28,UK,Organic,iOS,Basic
C00264,2024-03-29,Spain,Referral,Web,Free
C00265,2024-03-15,Spain,Organic,Web,Pro
C00266,2024-02-22,Canada,Email,iOS,Pro
C00267,2024-02-23,Spain,Organic,iOS,Free
C00268,2024-04-18,USA,Organic,Android,Free
C00269,2024-01-25,Spain,Organic,Android,Free
C00270,2024-01-18,UK,Influencer,iOS,Basic
C00271,2024-04-09,USA,Facebook Ads,iOS,Basic
C00272,2024-02-16,USA,Email,Web,Free
C00273,2024-05-03,UK,Google Ads,iOS,Free
C00274,2024-04-30,USA,Google Ads,Android,Basic
C00275,2024-03-14,UK,Organic,Web,Free
C00276,2024-04-30,USA,Google Ads,Android,Basic
C00277,2024-04-30,UK,Facebook Ads,iOS,Free
C00278,2024-05-22,France,Facebook Ads,Android,Pro
C00279,2024-02-20,Germany,Organic,iOS,Free
C00280,2024-01-14,UK,Influencer,Web,Free
C00281,2024-01-04,Australia,Organic,Android,Free
C00282,2024-04-26,Spain,Influencer,Web,Free
C00283,2024-03-08,Australia,Organic,Web,Pro
C00284,2024-01-31,UK,Google Ads,Web,Free
C00285,2024-03-17,Australia,Google Ads,Web,Basic
C00286,2024-03-03,USA,Google Ads,Android,Free
C00287,2024-03-11,USA,Facebook Ads,Android,Free
C00288,2024-03-03,UK,Google Ads,Android,Free
C00289,2024-04-17,Spain,Google Ads,Android,Basic
C00290,2024-02-02,USA,Referral,Web,Free
C00291,2024-03-07,USA,Facebook Ads,iOS,Free
C00292,2024-02-15,USA,Email,Web,Pro
C00293,2024-04-05,Spain,Organic,Web,Free
C00294,2024-02-11,France,Facebook Ads,Web,Free
C00295,2024-01-27,USA,Facebook Ads,Web,Free
C00296,2024-03-27,France,Google Ads,iOS,Free
C00297,2024-03-21,Germany,Google Ads,iOS,Pro
C00298,2024-01-20,Canada,Google Ads,iOS,Free
C00299,2024-05-09,USA,Organic,iOS,Free
C00300,2024-03-27,Spain,Organic,Android,Free
C00301,2024-02-24,UK,Organic,Web,Free
C00302,2024-01-11,Canada,Facebook Ads,Web,Free
C00303,2024-04-24,USA,Facebook Ads,Android,Basic
C00304,2024-03-21,UK,Influencer,iOS,Free
C00305,2024-04-08,UK,Referral,iOS,Free
C00306,2024-03-22,France,Organic,iOS,Basic
C00307,2024-01-16,USA,Email,Android,Free
C00308,2024-02-27,Australia,Email,Android,Basic
C00309,2024-04-19,USA,Google Ads,iOS,Free
C00310,2024-01-22,Canada,Facebook Ads,iOS,Basic
C00311,2024-03-03,Spain,Influencer,iOS,Free
C00312,2024-01-29,France,Facebook Ads,Android,Free
C00313,2024-04-16,Australia,Email,Android,Free
C00314,2024-03-07,Canada,Organic,Android,Free
C00315,2024-04-12,UK,Organic,Android,Free
C00316,2024-04-08,Spain,Google Ads,Web,Free
C00317,2024-06-10,UK,Facebook Ads,iOS,Free
C00318,2024-06-01,France,Email,Android,Free
C00319,2024-01-24,Australia,Influencer,Web,Free
C00320,2024-04-03,UK,Google Ads,Android,Basic
C00321,2024-06-19,UK,Organic,Web,Basic
C00322,2024-03-26,Germany,Email,Android,Free
C00323,2024-06-27,Spain,Facebook Ads,Android,Free
C00324,2024-02-29,Italy,Organic,iOS,Free
C00325,2024-05-04,France,Google Ads,Android,Free
C00326,2024-06-12,Canada,Referral,iOS,Basic
C00327,2024-02-06,Italy,Referral,iOS,Free
C00328,2024-03-02,USA,Google Ads,Android,Free
C00329,2024-06-15,USA,Google Ads,Android,Basic
C00330,2024-03-14,Canada,Influencer,iOS,Free
C00331,2024-04-20,Spain,Facebook Ads,Android,Pro
C00332,2024-05-01,Spain,Google Ads,Android,Basic
C00333,2024-02-14,UK,Organic,iOS,Free
C00334,2024-04-22,USA,Referral,Android,Free
C00335,2024-04-04,UK,Organic,Web,Free
C00336,2024-02-14,USA,Organic,Android,Free
C00337,2024-02-20,UK,Facebook Ads,Android,Free
C00338,2024-06-13,Australia,Organic,iOS,Basic
C00339,2024-02-06,USA,Facebook Ads,Android,Free
C00340,2024-04-23,Spain,Organic,Web,Free
C00341,2024-03-23,UK,Facebook Ads,Android,Free
C00342,2024-05-04,France,Organic,iOS,Basic
C00343,2024-04-23,USA,Organic,Android,Free
C00344,2024-03-10,UK,Organic,Web,Basic
C00345,2024-02-17,USA,Influencer,iOS,Free
C00346,2024-05-31,Italy,Email,Web,Free
C00347,2024-05-20,Spain,Organic,Web,Pro
C00348,2024-03-26,Germany,Referral,iOS,Basic
C00349,2024-03-17,USA,Facebook Ads,Web,Free
C00350,2024-02-01,Italy,Influencer,Android,Free
C00351,2024-05-02,UK,Google Ads,Web,Basic
C00352,2024-06-07,USA,Facebook Ads,Android,Free
C00353,2024-02-01,France,Organic,Android,Free
C00354,2024-02-06,Italy,Google Ads,Android,Pro
C00355,2024-02-13,USA,Influencer,Web,Free
C00356,2024-02-21,USA,Facebook Ads,iOS,Free
C00357,2024-03-14,Italy,Organic,Android,Free
C00358,2024-03-09,USA,Organic,iOS,Basic
C00359,2024-01-29,USA,Referral,iOS,Basic
C00360,2024-06-08,France,Facebook Ads,iOS,Free
C00361,2024-02-07,Spain,Google Ads,Android,Free
C00362,2024-03-11,Germany,Influencer,iOS,Free
C00363,2024-02-14,Italy,Organic,iOS,Basic
C00364,2024-05-15,Canada,Google Ads,iOS,Free
C00365,2024-02-21,USA,Influencer,iOS,Pro
C00366,2024-03-21,Italy,Google Ads,Android,Free
C00367,2024-06-18,UK,Organic,Web,Pro
C00368,2024-02-29,UK,Facebook Ads,iOS,Free
C00369,2024-03-28,France,Email,Web,Basic
C00370,2024-02-10,UK,Organic,Web,Free
C00371,2024-03-10,USA,Influencer,Android,Free
C00372,2024-04-14,USA,Referral,Android,Pro
C00373,2024-01-31,Germany,Organic,Web,Basic
C00374,2024-03-01,Spain,Referral,iOS,Free
C00375,2024-03-30,France,Google Ads,Android,Basic
C00376,2024-01-18,Italy,Google Ads,Android,Free
C00377,2024-04-10,UK,Referral,Android,Basic
C00378,2024-03-24,UK,Influencer,Web,Free
C00379,2024-02-20,USA,Organic,iOS,Free
C00380,2024-03-16,USA,Google Ads,Android,Free
C00381,2024-06-11,UK,Google Ads,Android,Free
C00382,2024-01-25,Australia,Google Ads,Android,Pro
C00383,2024-03-14,Italy,Google Ads,iOS,Free
C00384,2024-05-05,Italy,Organic,Android,Free
C00385,2024-02-11,USA,Facebook Ads,Web,Free
C00386,2024-02-26,Spain,Google Ads,Android,Basic
C00387,2024-05-05,UK,Organic,Web,Free
C00388,2024-03-11,USA,Email,Android,Free
C00389,2024-02-14,Spain,Email,iOS,Pro
C00390,2024-01-31,France,Google Ads,iOS,Free
C00391,2024-04-22,USA,Organic,iOS,Basic
C00392,2024-06-28,UK,Facebook Ads,Android,Basic
C00393,2024-03-25,UK,Organic,iOS,Free
C00394,2024-04-18,Australia,Organic,Web,Pro
C00395,2024-02-21,Germany,Referral,Web,Basic
C00396,2024-02-04,Italy,Organic,iOS,Free
C00397,2024-01-26,USA,Organic,iOS,Free
C00398,2024-04-10,UK,Organic,iOS,Basic
C00399,2024-05-16,Germany,Organic,Android,Free
C00400,2024-03-02,Germany,Organic,iOS,Pro
C00401,2024-02-17,UK,Influencer,iOS,Free
C00402,2024-02-02,Australia,Organic,Web,Free
C00403,2024-04-29,Spain,Organic,Web,Free
C00404,2024-03-14,Italy,Organic,iOS,Free
C00405,2024-03-11,Spain,Influencer,Android,Free
C00406,2024-03-07,Spain,Facebook Ads,iOS,Pro
C00407,2024-05-04,France,Google Ads,Web,Basic
C00408,2024-02-26,Spain,Email,Android,Basic
C00409,2024-03-13,UK,Google Ads,iOS,Free
C00410,2024-04-25,UK,Google Ads,Web,Basic
C00411,2024-04-14,UK,Organic,Android,Free
C00412,2024-05-01,Germany,Google Ads,iOS,Pro
C00413,2024-02-07,UK,Google Ads,Android,Free
C00414,2024-04-01,Italy,Facebook Ads,Android,Pro
C00415,2024-04-06,UK,Organic,iOS,Basic
C00416,2024-03-22,USA,Facebook Ads,iOS,Free
C00417,2024-05-08,Germany,Organic,Android,Free
C00418,2024-05-20,USA,Organic,iOS,Free
C00419,2024-02-01,USA,Google Ads,Web,Free
C00420,2024-02-12,USA,Influencer,iOS,Free
C00421,2024-06-05,Germany,Google Ads,iOS,Free
C00422,2024-02-15,UK,Facebook Ads,Android,Free
C00423,2024-01-12,Australia,Organic,Web,Pro
C00424,2024-01-21,Australia,Organic,Web,Basic
C00425,2024-03-25,UK,Organic,Android,Pro
C00426,2024-04-06,UK,Google Ads,iOS,Basic
C00427,2024-02-08,UK,Organic,Web,Free
C00428,2024-03-16,Australia,Organic,Android,Free
C00429,2024-01-31,USA,Referral,iOS,Basic
C00430,2024-03-09,USA,Organic,Web,Pro
C00431,2024-01-17,Australia,Facebook Ads,iOS,Free
C00432,2024-03-24,Germany,Google Ads,Web,Pro
C00433,2024-04-16,USA,Google Ads,Web,Pro
C00434,2024-05-12,USA,Facebook Ads,Android,Basic
C00435,2024-04-01,Italy,Google Ads,Web,Pro
C00436,2024-04-16,Spain,Organic,Web,Free
C00437,2024-02-09,Canada,Referral,iOS,Pro
C00438,2024-02-08,Germany,Email,Android,Basic
C00439,2024-03-13,Germany,Organic,iOS,Free
C00440,2024-03-10,Italy,Organic,Android,Pro
C00441,2024-02-23,Italy,Email,Web,Free
C00442,2024-05-22,USA,Google Ads,Android,Free
C00443,2024-01-04,Spain,Facebook Ads,iOS,Free
C00444,2024-03-02,USA,Google Ads,Android,Free
C00445,2024-01-23,USA,Organic,Web,Free
C00446,2024-05-25,Canada,Facebook Ads,iOS,Basic
C00447,2024-03-30,UK,Facebook Ads,Android,Free
C00448,2024-02-25,Italy,Organic,iOS,Free
C00449,2024-02-01,USA,Google Ads,Android,Free
C00450,2024-03-26,Germany,Referral,iOS,Free
C00451,2024-01-26,Italy,Facebook Ads,Android,Basic
C00452,2024-04-01,Italy,Organic,iOS,Basic
C00453,2024-06-11,USA,Facebook Ads,iOS,Pro
C00454,2024-05-29,UK,Referral,Web,Free
C00455,2024-02-07,France,Referral,iOS,Free
C00456,2024-05-28,USA,Facebook Ads,Android,Pro
C00457,2024-01-13,Italy,Organic,iOS,Basic
C00458,2024-02-29,Italy,Referral,Android,Free
C00459,2024-02-08,USA,Facebook Ads,Android,Basic
C00460,2024-01-11,USA,Organic,iOS,Pro
C00461,2024-04-23,USA,Google Ads,iOS,Basic
C00462,2024-05-06,Italy,Google Ads,Android,Free
C00463,2024-05-04,USA,Facebook Ads,Android,Basic
C00464,2024-03-15,UK,Organic,Web,Free
C00465,2024-03-27,Germany,Facebook Ads,Android,Free
C00466,2024-06-15,France,Email,Android,Free
C00467,2024-03-02,USA,Referral,iOS,Free
C00468,2024-03-27,USA,Influencer,iOS,Free
C00469,2024-02-20,Italy,Influencer,iOS,Free
C00470,2024-05-09,Italy,Organic,iOS,Basic
C00471,2024-05-05,Australia,Facebook Ads,iOS,Basic
C00472,2024-03-31,USA,Google Ads,Android,Pro
C00473,2024-03-15,UK,Email,Android,Free
C00474,2024-03-23,France,Organic,Web,Free
C00475,2024-03-27,USA,Influencer,iOS,Pro
C00476,2024-01-18,Italy,Facebook Ads,Android,Free
C00477,2024-03-28,France,Referral,Web,Basic
C00478,2024-06-01,USA,Organic,Android,Basic
C00479,2024-02-12,Italy,Organic,iOS,Free
C00480,2024-03-27,Italy,Referral,iOS,Basic
C00481,2024-03-11,USA,Organic,iOS,Basic
C00482,2024-02-27,Germany,Email,iOS,Free
C00483,2024-04-30,UK,Organic,Web,Free
C00484,2024-02-19,UK,Facebook Ads,iOS,Free
C00485,2024-04-22,USA,Google Ads,iOS,Free
C00486,2024-03-25,France,Facebook Ads,Web,Free
C00487,2024-01-24,Italy,Facebook Ads,Web,Free
C00488,2024-02-19,Germany,Google Ads,Android,Free
C00489,2024-03-16,USA,Organic,Android,Pro
C00490,2024-02-17,France,Organic,Android,Free
C00491,2024-03-10,UK,Facebook Ads,iOS,Free
C00492,2024-03-09,Spain,Facebook Ads,Android,Free
C00493,2024-02-20,UK,Referral,Android,Free
C00494,2024-02-01,USA,Google Ads,Web,Free
C00495,2024-04-07,USA,Google Ads,iOS,Free
C00496,2024-01-02,Australia,Google Ads,Android,Free
C00497,2024-03-02,USA,Organic,iOS,Basic
C00498,2024-04-11,Australia,Google Ads,Android,Pro
C00499,2024-05-01,USA,Influencer,iOS,Free
C00500,2024-03-02,UK,Email,iOS,Free
C00501,2024-06-15,Germany,Google Ads,Web,Free
C00502,2024-01-29,Italy,Facebook Ads,Android,Basic
C00503,2024-03-13,Italy,Email,Android,Free
C00504,2024-03-04,USA,Google Ads,iOS,Pro
C00505,2024-01-23,UK,Organic,iOS,Free
C00506,2024-03-25,USA,Organic,Android,Free
C00507,2024-03-10,Germany,Google Ads,Web,Basic
C00508,2024-01-28,Germany,Influencer,Web,Pro
C00509,2024-03-29,Italy,Facebook Ads,Android,Basic
C00510,2024-01-18,Italy,Organic,Android,Free
C00511,2024-04-14,UK,Organic,Web,Free
C00512,2024-02-16,Germany,Referral,Android,Free
C00513,2024-07-06,Spain,Email,Android,Free
C00514,2024-02-13,Spain,Facebook Ads,iOS,Basic
C00515,2024-03-09,USA,Facebook Ads,Web,Basic
C00516,2024-03-31,UK,Organic,Android,Basic
C00517,2024-02-21,UK,Email,Web,Pro
C00518,2024-04-25,USA,Referral,Web,Free
C00519,2024-03-17,USA,Organic,iOS,Pro
C00520,2024-01-11,USA,Referral,Web,Basic
C00521,2024-01-23,Canada,Organic,Web,Free
C00522,2024-05-04,USA,Organic,iOS,Basic
C00523,2024-03-15,USA,Organic,iOS,Free
C00524,2024-03-02,USA,Organic,iOS,Basic
C00525,2024-03-13,Spain,Google Ads,Android,Free
C00526,2024-01-26,Spain,Google Ads,iOS,Free
C00527,2024-02-28,Germany,Google Ads,Android,Basic
C00528,2024-03-12,UK,Google Ads,iOS,Basic
C00529,2024-07-08,Italy,Organic,Web,Free
C00530,2024-03-03,USA,Organic,iOS,Free
C00531,2024-03-03,USA,Facebook Ads,iOS,Free
C00532,2024-03-15,UK,Google Ads,Android,Free
C00533,2024-03-12,USA,Organic,Android,Pro
C00534,2024-02-29,UK,Email,iOS,Pro
C00535,2024-04-27,Italy,Referral,iOS,Free
C00536,2024-02-27,France,Email,iOS,Basic
C00537,2024-05-05,UK,Google Ads,Web,Free
C00538,2024-03-02,Italy,Organic,Web,Basic
C00539,2024-04-24,USA,Facebook Ads,Android,Free
C00540,2024-04-05,USA,Organic,Web,Free
C00541,2024-02-27,France,Google Ads,Web,Basic
C00542,2024-01-24,France,Organic,iOS,Free
C00543,2024-06-16,USA,Email,Web,Basic
C00544,2024-02-29,UK,Organic,Web,Basic
C00545,2024-03-22,Canada,Email,iOS,Free
C00546,2024-02-13,Canada,Email,iOS,Free
C00547,2024-02-17,France,Google Ads,iOS,Basic
C00548,2024-05-02,UK,Referral,iOS,Basic
C00549,2024-05-23,USA,Facebook Ads,Web,Free
C00550,2024-04-09,UK,Email,Android,Free
C00551,2024-03-07,USA,Google Ads,Web,Basic
C00552,2024-04-12,Italy,Referral,Web,Free
C00553,2024-02-21,Germany,Google Ads,Android,Free
C00554,2024-03-18,UK,Influencer,Android,Free
C00555,2024-02-04,Australia,Google Ads,iOS,Pro
C00556,2024-02-03,Germany,Google Ads,iOS,Basic
C00557,2024-04-06,UK,Referral,Android,Pro
C00558,2024-03-27,Spain,Email,iOS,Basic
C00559,2024-03-25,Spain,Facebook Ads,iOS,Pro
C00560,2024-03-02,Canada,Organic,Web,Free
C00561,2024-03-21,USA,Google Ads,Android,Basic
C00562,2024-02-13,France,Influencer,iOS,Free
C00563,2024-01-11,Australia,Referral,Android,Basic
C00564,2024-03-15,USA,Email,Web,Free
C00565,2024-01-24,USA,Organic,iOS,Free
C00566,2024-04-20,Spain,Google Ads,iOS,Basic
C00567,2024-05-17,USA,Facebook Ads,Web,Basic
C00568,2024-06-22,Australia,Email,iOS,Free
C00569,2024-03-12,Germany,Organic,iOS,Free
C00570,2024-02-12,Germany,Email,Android,Free
C00571,2024-03-21,USA,Facebook Ads,Web,Free
C00572,2024-03-04,Spain,Organic,iOS,Basic
C00573,2024-03-11,UK,Google Ads,iOS,Free
C00574,2024-05-07,France,Organic,iOS,Pro
C00575,2024-02-28,Canada,Facebook Ads,Web,Free
C00576,2024-03-03,Canada,Organic,iOS,Basic
C00577,2024-02-04,Italy,Organic,Android,Basic
C00578,2024-03-09,Germany,Email,Web,Free
C00579,2024-05-28,UK,Organic,iOS,Free
C00580,2024-02-16,Italy,Organic,Web,Basic
C00581,2024-04-29,Canada,Google Ads,Web,Basic
C00582,2024-03-04,UK,Google Ads,Web,Free
C00583,2024-05-01,USA,Referral,iOS,Free
C00584,2024-04-21,Spain,Google Ads,Android,Free
C00585,2024-02-01,UK,Referral,Web,Free
C00586,2024-04-23,Canada,Facebook Ads,Web,Free
C00587,2024-01-23,Germany,Organic,iOS,Free
C00588,2024-01-27,USA,Organic,Web,Basic
C00589,2024-02-26,France,Google Ads,iOS,Basic
C00590,2024-05-30,USA,Google Ads,iOS,Pro
C00591,2024-04-03,UK,Referral,Android,Basic
C00592,2024-02-05,France,Facebook Ads,Web,Pro
C00593,2024-01-15,UK,Google Ads,Android,Free
C00594,2024-04-12,Australia,Organic,Android,Free
C00595,2024-03-16,Spain,Organic,Web,Pro
C00596,2024-03-23,Australia,Facebook Ads,Android,Basic
C00597,2024-04-01,USA,Google Ads,Android,Free
C00598,2024-05-10,USA,Google Ads,Android,Basic
C00599,2024-03-08,Germany,Organic,Android,Pro
C00600,2024-05-10,Italy,Facebook Ads,Android,Basic
C00601,2024-02-09,Spain,Email,Web,Free
C00602,2024-01-17,Spain,Organic,Android,Basic
C00603,2024-04-27,UK,Google Ads,Web,Pro
C00604,2024-01-30,UK,Influencer,iOS,Free
C00605,2024-03-21,Germany,Google Ads,iOS,Basic
C00606,2024-05-25,USA,Facebook Ads,Android,Free
C00607,2024-01-18,USA,Organic,iOS,Basic
C00608,2024-03-28,Italy,Facebook Ads,iOS,Free
C00609,2024-01-16,USA,Organic,Android,Free
C00610,2024-03-10,USA,Influencer,iOS,Free
C00611,2024-01-04,USA,Referral,iOS,Basic
C00612,2024-01-24,Italy,Referral,Android,Free
C00613,2024-02-12,France,Referral,Android,Free
C00614,2024-01-15,Canada,Facebook Ads,Web,Basic
C00615,2024-04-04,Italy,Google Ads,Android,Free
C00616,2024-03-27,UK,Email,Android,Free
C00617,2024-06-01,France,Influencer,Web,Pro
C00618,2024-01-29,USA,Google Ads,Web,Free
C00619,2024-02-26,USA,Influencer,iOS,Free
C00620,2024-01-21,Spain,Facebook Ads,iOS,Free
C00621,2024-02-16,Australia,Facebook Ads,Android,Basic
C00622,2024-06-14,UK,Google Ads,Android,Pro
C00623,2024-04-16,UK,Organic,Web,Pro
C00624,2024-01-29,Germany,Organic,Web,Basic
C00625,2024-01-09,USA,Organic,Android,Free
C00626,2024-01-08,USA,Google Ads,Web,Free
C00627,2024-04-05,USA,Google Ads,Android,Free
C00628,2024-02-11,USA,Google Ads,iOS,Free
C00629,2024-07-25,Spain,Influencer,Web,Basic
C00630,2024-03-01,USA,Google Ads,iOS,Basic
C00631,2024-02-15,USA,Google Ads,Web,Free
C00632,2024-01-21,Germany,Organic,Web,Basic
C00633,2024-04-30,Spain,Organic,Android,Free
C00634,2024-02-23,USA,Referral,Android,Free
C00635,2024-03-04,USA,Facebook Ads,Android,Basic
C00636,2024-03-15,UK,Referral,Android,Free
C00637,2024-03-04,Australia,Organic,iOS,Free
C00638,2024-04-10,France,Facebook Ads,Android,Free
C00639,2024-01-24,Spain,Organic,Web,Free
C00640,2024-02-27,Italy,Organic,Android,Basic
C00641,2024-02-21,Australia,Organic,iOS,Pro
C00642,2024-04-16,France,Organic,Android,Free
C00643,2024-05-07,Germany,Google Ads,Web,Free
C00644,2024-02-03,USA,Organic,Android,Basic
C00645,2024-04-20,Italy,Influencer,Android,Pro
C00646,2024-01-23,UK,Google Ads,Web,Free
C00647,2024-03-07,USA,Organic,Android,Free
C00648,2024-03-09,Canada,Organic,Android,Basic
C00649,2024-05-05,UK,Facebook Ads,Web,Free
C00650,2024-04-12,France,Organic,iOS,Free
C00651,2024-01-26,France,Email,Web,Basic
C00652,2024-04-12,Germany,Influencer,iOS,Free
C00653,2024-03-21,Spain,Organic,iOS,Free
C00654,2024-06-07,USA,Google Ads,Web,Free
C00655,2024-02-16,Germany,Organic,iOS,Pro
C00656,2024-02-27,Germany,Facebook Ads,Web,Free
C00657,2024-06-13,Canada,Google Ads,Web,Free
C00658,2024-05-11,Australia,Organic,Web,Free
C00659,2024-01-26,UK,Organic,Web,Pro
C00660,2024-03-08,Canada,Facebook Ads,iOS,Free
C00661,2024-03-30,USA,Google Ads,Web,Free
C00662,2024-04-14,Italy,Organic,iOS,Free
C00663,2024-01-30,UK,Facebook Ads,Android,Basic
C00664,2024-06-01,Australia,Facebook Ads,Web,Free
C00665,2024-01-16,USA,Email,Android,Free
C00666,2024-02-02,USA,Organic,Android,Free
C00667,2024-05-25,Germany,Referral,Android,Basic
C00668,2024-03-13,Spain,Facebook Ads,Android,Free
C00669,2024-03-13,Germany,Organic,Web,Basic
C00670,2024-03-14,Italy,Facebook Ads,iOS,Pro
C00671,2024-02-05,Germany,Google Ads,Android,Pro
C00672,2024-01-19,Germany,Influencer,Web,Free
C00673,2024-03-26,USA,Organic,Android,Pro
C00674,2024-04-01,Spain,Facebook Ads,iOS,Free
C00675,2024-03-24,USA,Google Ads,Android,Free
C00676,2024-02-14,Spain,Influencer,iOS,Pro
C00677,2024-01-29,Italy,Google Ads,iOS,Free
C00678,2024-03-02,Italy,Influencer,Web,Free
C00679,2024-06-23,Germany,Email,Android,Free
C00680,2024-03-06,Canada,Organic,Web,Free
C00681,2024-02-26,Australia,Email,Web,Free
C00682,2024-03-05,USA,Influencer,Android,Basic
C00683,2024-03-06,France,Organic,iOS,Pro
C00684,2024-05-25,USA,Google Ads,Android,Basic
C00685,2024-04-12,Germany,Facebook Ads,iOS,Free
C00686,2024-02-13,USA,Organic,Web,Pro
C00687,2024-02-21,USA,Organic,iOS,Free
C00688,2024-03-08,UK,Organic,iOS,Free
C00689,2024-03-18,UK,Organic,Android,Free
C00690,2024-02-04,France,Google Ads,iOS,Free
C00691,2024-02-20,USA,Organic,iOS,Free
C00692,2024-06-07,Germany,Email,Android,Free
C00693,2024-05-25,USA,Referral,iOS,Free
C00694,2024-02-26,France,Organic,iOS,Free
C00695,2024-02-19,France,Facebook Ads,Android,Free
C00696,2024-04-15,France,Facebook Ads,Web,Basic
C00697,2024-01-14,Australia,Influencer,Android,Basic
C00698,2024-05-20,UK,Organic,Android,Free
C00699,2024-02-14,Australia,Organic,Android,Free
C00700,2024-04-02,UK,Influencer,Android,Pro
C00701,2024-01-18,Germany,Influencer,Web,Free
C00702,2024-04-18,Canada,Referral,iOS,Pro
C00703,2024-04-05,USA,Referral,Android,Free
C00704,2024-03-30,Canada,Organic,Web,Pro
C00705,2024-02-02,France,Google Ads,Web,Free
C00706,2024-02-19,UK,Organic,iOS,Free
C00707,2024-03-23,USA,Organic,iOS,Basic
C00708,2024-02-10,USA,Email,Web,Free
C00709,2024-02-11,Italy,Organic,iOS,Free
C00710,2024-05-11,Canada,Google Ads,Web,Free
C00711,2024-01-12,USA,Influencer,Web,Basic
C00712,2024-05-12,UK,Organic,Web,Free
C00713,2024-02-03,France,Influencer,iOS,Free
C00714,2024-04-15,Spain,Influencer,Web,Free
C00715,2024-07-04,USA,Facebook Ads,Android,Free
C00716,2024-04-06,USA,Organic,Web,Basic
C00717,2024-04-07,Spain,Google Ads,iOS,Free
C00718,2024-02-09,USA,Google Ads,iOS,Free
C00719,2024-03-06,USA,Google Ads,Android,Free
C00720,2024-01-31,Italy,Organic,iOS,Free
C00721,2024-01-27,France,Influencer,Android,Free
C00722,2024-05-26,USA,Organic,Web,Free
C00723,2024-06-17,USA,Referral,Android,Free
C00724,2024-03-21,USA,Organic,Web,Pro
C00725,2024-03-08,USA,Facebook Ads,iOS,Free
C00726,2024-02-24,Spain,Email,iOS,Basic
C00727,2024-01-09,UK,Organic,iOS,Free
C00728,2024-05-20,Australia,Organic,iOS,Free
C00729,2024-04-24,Italy,Facebook Ads,Web,Free
C00730,2024-02-15,UK,Referral,iOS,Free
C00731,2024-04-15,USA,Facebook Ads,Android,Pro
C00732,2024-01-23,Germany,Google Ads,Android,Pro
C00733,2024-03-26,Italy,Organic,Web,Basic
C00734,2024-05-09,Spain,Influencer,iOS,Free
C00735,2024-04-02,USA,Influencer,iOS,Free
C00736,2024-04-01,Canada,Google Ads,iOS,Free
C00737,2024-02-24,France,Email,Android,Pro
C00738,2024-05-30,Italy,Google Ads,iOS,Free
C00739,2024-04-21,USA,Google Ads,Web,Free
C00740,2024-02-20,Germany,Organic,Android,Free
C00741,2024-02-01,Spain,Google Ads,Android,Free
C00742,2024-06-05,UK,Facebook Ads,Android,Pro
C00743,2024-04-11,Germany,Organic,iOS,Free
C00744,2024-03-18,USA,Google Ads,Android,Free
C00745,2024-01-26,USA,Referral,Web,Free
C00746,2024-02-04,UK,Facebook Ads,Web,Basic
C00747,2024-05-05,Italy,Facebook Ads,Web,Free
C00748,2024-01-10,UK,Email,Web,Basic
C00749,2024-01-14,Germany,Organic,iOS,Free
C00750,2024-02-20,Canada,Facebook Ads,iOS,Pro
C00751,2024-03-06,USA,Referral,iOS,Basic
C00752,2024-05-07,Germany,Facebook Ads,iOS,Free
C00753,2024-02-22,Australia,Google Ads,iOS,Free
C00754,2024-04-22,Spain,Organic,Android,Free
C00755,2024-04-24,France,Email,Android,Free
C00756,2024-04-18,Canada,Google Ads,Web,Basic
C00757,2024-05-05,USA,Email,Web,Free
C00758,2024-05-01,Italy,Facebook Ads,Web,Free
C00759,2024-01-19,USA,Facebook Ads,iOS,Free
C00760,2024-03-15,Australia,Email,iOS,Free
C00761,2024-06-17,USA,Facebook Ads,Android,Pro
C00762,2024-06-01,Italy,Google Ads,iOS,Free
C00763,2024-02-18,Canada,Google Ads,iOS,Pro
C00764,2024-04-30,Australia,Email,iOS,Pro
C00765,2024-02-19,USA,Google Ads,iOS,Free
C00766,2024-04-21,Germany,Google Ads,Android,Free
C00767,2024-02-29,France,Organic,Android,Basic
C00768,2024-04-23,Australia,Email,Android,Free
C00769,2024-04-10,USA,Organic,Android,Free
C00770,2024-03-17,Italy,Facebook Ads,Android,Free
C00771,2024-01-23,Spain,Google Ads,iOS,Free
C00772,2024-05-01,USA,Google Ads,iOS,Basic
C00773,2024-03-03,Spain,Facebook Ads,iOS,Free
C00774,2024-02-22,Germany,Organic,Web,Free
C00775,2024-03-19,Germany,Facebook Ads,Web,Pro
C00776,2024-04-15,UK,Referral,Android,Basic
C00777,2024-03-04,France,Email,iOS,Free
C00778,2024-02-26,Australia,Organic,Android,Basic
C00779,2024-02-10,UK,Email,Android,Free
C00780,2024-03-06,France,Facebook Ads,Android,Basic
C00781,2024-04-21,Canada,Email,Android,Free
C00782,2024-03-30,Canada,Google Ads,Android,Free
C00783,2024-02-19,USA,Facebook Ads,Android,Basic
C00784,2024-04-24,Spain,Email,Web,Free
C00785,2024-03-27,Germany,Email,iOS,Pro
C00786,2024-03-20,USA,Google Ads,Web,Free
C00787,2024-05-03,USA,Organic,iOS,Pro
C00788,2024-04-03,Germany,Google Ads,iOS,Pro
C00789,2024-04-17,Spain,Google Ads,Web,Free
C00790,2024-04-24,UK,Organic,Web,Basic
C00791,2024-02-02,Australia,Organic,iOS,Free
C00792,2024-02-01,USA,Email,Android,Pro
C00793,2024-05-09,Germany,Organic,iOS,Free
C00794,2024-01-18,Italy,Facebook Ads,Android,Basic
C00795,2024-02-07,Australia,Organic,Web,Free
C00796,2024-03-13,USA,Google Ads,Web,Free
C00797,2024-04-08,Germany,Organic,Android,Free
C00798,2024-03-12,USA,Organic,iOS,Free
C00799,2024-03-20,UK,Referral,Android,Basic
C00800,2024-02-17,Australia,Email,iOS,Free
C00801,2024-07-18,Australia,Organic,Web,Basic
C00802,2024-03-06,USA,Google Ads,Web,Free
C00803,2024-04-13,Italy,Google Ads,Android,Free
C00804,2024-02-01,France,Email,iOS,Free
C00805,2024-02-29,UK,Referral,iOS,Basic
C00806,2024-05-04,Germany,Google Ads,iOS,Pro
C00807,2024-02-01,France,Facebook Ads,Web,Free
C00808,2024-05-24,France,Email,Android,Free
C00809,2024-03-04,Germany,Organic,iOS,Free
C00810,2024-04-04,Germany,Google Ads,Android,Basic
C00811,2024-02-05,USA,Email,Web,Free
C00812,2024-03-09,Spain,Referral,iOS,Basic
C00813,2024-05-24,France,Facebook Ads,Web,Free
C00814,2024-05-11,USA,Facebook Ads,Web,Basic
C00815,2024-03-10,Australia,Google Ads,Web,Basic
C00816,2024-02-29,Italy,Facebook Ads,Android,Free
C00817,2024-03-11,Italy,Facebook Ads,iOS,Free
C00818,2024-03-28,UK,Google Ads,Android,Free
C00819,2024-06-01,USA,Referral,iOS,Free
C00820,2024-02-13,Germany,Email,iOS,Pro
C00821,2024-02-10,USA,Organic,Android,Free
C00822,2024-02-25,Italy,Google Ads,Android,Basic
C00823,2024-01-28,USA,Google Ads,Web,Free
C00824,2024-04-09,USA,Facebook Ads,iOS,Free
C00825,2024-01-19,UK,Organic,Android,Free
C00826,2024-06-04,UK,Facebook Ads,Web,Free
C00827,2024-03-12,Australia,Email,Web,Free
C00828,2024-04-10,Germany,Google Ads,Web,Free
C00829,2024-01-12,USA,Email,Web,Free
C00830,2024-04-15,USA,Influencer,Web,Free
C00831,2024-03-28,Germany,Organic,iOS,Free
C00832,2024-04-02,USA,Organic,Android,Free
C00833,2024-03-03,France,Influencer,iOS,Free
C00834,2024-04-26,France,Influencer,iOS,Pro
C00835,2024-02-03,Canada,Organic,iOS,Free
C00836,2024-03-28,Italy,Organic,iOS,Basic
C00837,2024-01-17,Italy,Organic,iOS,Free
C00838,2024-01-29,Italy,Influencer,iOS,Basic
C00839,2024-05-21,USA,Organic,iOS,Free
C00840,2024-02-12,USA,Google Ads,Web,Pro
C00841,2024-02-02,UK,Email,iOS,Free
C00842,2024-03-11,Spain,Organic,Web,Basic
C00843,2024-05-15,Italy,Facebook Ads,iOS,Free
C00844,2024-02-20,Spain,Organic,Web,Free
C00845,2024-06-30,USA,Email,Web,Basic
C00846,2024-02-12,Italy,Organic,Android,Free
C00847,2024-04-27,UK,Facebook Ads,Android,Free
C00848,2024-03-15,USA,Facebook Ads,iOS,Free
C00849,2024-02-25,Germany,Organic,Web,Basic
C00850,2024-03-31,USA,Organic,Web,Pro
C00851,2024-01-24,France,Google Ads,Web,Free
C00852,2024-02-29,UK,Organic,Android,Basic
C00853,2024-02-25,Germany,Email,iOS,Free
C00854,2024-03-25,France,Email,Web,Free
C00855,2024-03-18,Spain,Google Ads,iOS,Pro
C00856,2024-04-03,Canada,Facebook Ads,Android,Pro
C00857,2024-04-26,UK,Facebook Ads,iOS,Basic
C00858,2024-03-06,Spain,Email,Web,Free
C00859,2024-03-20,Italy,Google Ads,iOS,Free
C00860,2024-05-29,USA,Organic,iOS,Free
C00861,2024-03-18,Germany,Organic,Android,Free
C00862,2024-03-04,UK,Facebook Ads,Web,Free
C00863,2024-04-25,USA,Google Ads,Android,Basic
C00864,2024-03-08,Canada,Google Ads,iOS,Pro
C00865,2024-06-09,Spain,Organic,iOS,Free
C00866,2024-05-11,USA,Referral,Web,Free
C00867,2024-02-20,Spain,Organic,Web,Basic
C00868,2024-02-27,Spain,Organic,Web,Free
C00869,2024-05-05,Italy,Google Ads,Android,Basic
C00870,2024-04-19,USA,Organic,Web,Free
C00871,2024-05-08,Italy,Facebook Ads,Android,Free
C00872,2024-03-07,UK,Google Ads,Android,Pro
C00873,2024-03-17,France,Google Ads,Android,Free
C00874,2024-03-01,USA,Facebook Ads,Android,Free
C00875,2024-02-29,USA,Organic,Web,Free
C00876,2024-02-13,Australia,Organic,Android,Pro
C00877,2024-04-28,Germany,Email,iOS,Basic
C00878,2024-03-25,USA,Google Ads,iOS,Free
C00879,2024-03-30,USA,Google Ads,iOS,Free
C00880,2024-05-04,Canada,Organic,Android,Basic
C00881,2024-01-15,USA,Google Ads,iOS,Free
C00882,2024-03-25,Spain,Facebook Ads,iOS,Basic
C00883,2024-05-15,USA,Facebook Ads,Android,Free
C00884,2024-01-29,USA,Referral,Android,Free
C00885,2024-05-06,UK,Organic,Web,Basic
C00886,2024-03-26,Germany,Organic,Android,Free
C00887,2024-03-25,UK,Email,Web,Basic
C00888,2024-03-29,UK,Influencer,Web,Free
C00889,2024-02-05,Italy,Organic,Web,Free
C00890,2024-01-11,Canada,Google Ads,Android,Pro
C00891,2024-04-26,USA,Organic,iOS,Free
C00892,2024-02-01,UK,Organic,Web,Basic
C00893,2024-02-24,Spain,Google Ads,iOS,Free
C00894,2024-07-12,UK,Organic,iOS,Free
C00895,2024-03-12,USA,Referral,Android,Basic
C00896,2024-04-03,Australia,Facebook Ads,iOS,Free
C00897,2024-02-15,France,Organic,Web,Basic
C00898,2024-05-16,France,Organic,Android,Free
C00899,2024-01-16,USA,Email,Android,Free
C00900,2024-04-30,USA,Organic,Android,Free
C00901,2024-01-24,France,Facebook Ads,Android,Free
C00902,2024-06-18,USA,Google Ads,iOS,Free
C00903,2024-04-12,Germany,Facebook Ads,Android,Free
C00904,2024-02-03,France,Google Ads,Web,Free
C00905,2024-03-14,UK,Organic,Android,Free
C00906,2024-04-09,Italy,Organic,Web,Basic
C00907,2024-02-15,Spain,Organic,iOS,Free
C00908,2024-02-27,Australia,Google Ads,iOS,Pro
C00909,2024-05-24,USA,Facebook Ads,iOS,Free
C00910,2024-03-16,USA,Organic,Android,Free
C00911,2024-05-09,Germany,Organic,Web,Basic
C00912,2024-04-05,USA,Google Ads,Web,Free
C00913,2024-04-08,Italy,Facebook Ads,Android,Free
C00914,2024-04-27,USA,Influencer,Android,Free
C00915,2024-06-03,Germany,Facebook Ads,Web,Free
C00916,2024-02-06,UK,Google Ads,iOS,Free
C00917,2024-04-24,France,Facebook Ads,iOS,Pro
C00918,2024-06-22,USA,Influencer,Web,Free
C00919,2024-04-21,UK,Email,Android,Pro
C00920,2024-03-29,USA,Google Ads,Web,Basic
C00921,2024-05-24,Spain,Organic,iOS,Free
C00922,2024-07-10,USA,Organic,Web,Free
C00923,2024-04-02,Italy,Google Ads,iOS,Basic
C00924,2024-04-12,Spain,Referral,iOS,Pro
C00925,2024-04-13,UK,Google Ads,Android,Free
C00926,2024-01-23,Australia,Organic,iOS,Free
C00927,2024-04-30,USA,Referral,iOS,Free
C00928,2024-01-24,Italy,Email,iOS,Free
C00929,2024-04-16,Germany,Organic,iOS,Free
C00930,2024-01-21,UK,Facebook Ads,Web,Basic
C00931,2024-02-04,UK,Google Ads,Android,Free
C00932,2024-02-25,USA,Email,iOS,Basic
C00933,2024-02-18,Italy,Email,iOS,Basic
C00934,2024-04-28,USA,Facebook Ads,iOS,Free
C00935,2024-02-26,Canada,Facebook Ads,Android,Free
C00936,2024-01-24,Germany,Email,iOS,Basic
C00937,2024-02-15,Italy,Google Ads,Web,Basic
C00938,2024-03-23,USA,Google Ads,iOS,Basic
C00939,2024-03-26,Germany,Referral,iOS,Free
C00940,2024-03-21,Germany,Organic,Web,Free
C00941,2024-05-05,Canada,Google Ads,Web,Free
C00942,2024-05-15,USA,Email,iOS,Free
C00943,2024-04-12,USA,Referral,Web,Basic
C00944,2024-03-08,USA,Google Ads,Android,Free
C00945,2024-02-28,Australia,Organic,Web,Basic
C00946,2024-06-26,USA,Google Ads,Android,Free
C00947,2024-03-20,France,Organic,Android,Basic
C00948,2024-04-03,USA,Organic,Web,Pro
C00949,2024-02-20,Spain,Referral,iOS,Free
C00950,2024-02-20,Italy,Organic,Android,Pro
C00951,2024-01-31,Germany,Google Ads,Android,Free
C00952,2024-03-17,UK,Google Ads,iOS,Free
C00953,2024-02-22,USA,Influencer,iOS,Basic
C00954,2024-03-01,USA,Google Ads,iOS,Pro
C00955,2024-05-17,USA,Organic,Android,Free
C00956,2024-01-22,Canada,Organic,Android,Free
C00957,2024-02-16,Germany,Facebook Ads,Android,Basic
C00958,2024-03-25,Italy,Facebook Ads,iOS,Basic
C00959,2024-03-20,UK,Google Ads,Android,Free
C00960,2024-06-04,Canada,Google Ads,Web,Basic
C00961,2024-01-16,Germany,Organic,Android,Free
C00962,2024-05-24,Germany,Google Ads,Android,Free
C00963,2024-01-28,USA,Google Ads,Web,Free
C00964,2024-02-29,Germany,Organic,Web,Free
C00965,2024-01-22,Germany,Organic,Android,Pro
C00966,2024-01-06,Canada,Organic,Web,Free
C00967,2024-05-20,Italy,Organic,Android,Pro
C00968,2024-02-11,UK,Facebook Ads,Web,Free
C00969,2024-04-17,USA,Organic,iOS,Basic
C00970,2024-02-21,Germany,Organic,iOS,Basic
C00971,2024-06-06,France,Organic,iOS,Basic
C00972,2024-02-23,USA,Influencer,Web,Free
C00973,2024-03-05,Australia,Email,Android,Free
C00974,2024-02-15,Italy,Organic,iOS,Basic
C00975,2024-02-01,Italy,Google Ads,iOS,Basic
C00976,2024-04-23,USA,Organic,Web,Free
C00977,2024-03-16,Spain,Google Ads,Web,Basic
C00978,2024-01-07,Canada,Organic,Android,Free
C00979,2024-06-07,Germany,Facebook Ads,Android,Free
C00980,2024-02-29,France,Facebook Ads,Android,Basic
C00981,2024-02-02,Spain,Email,Android,Free
C00982,2024-01-21,Germany,Organic,Web,Basic
C00983,2024-02-04,UK,Email,iOS,Free
C00984,2024-04-04,Germany,Referral,Android,Free
C00985,2024-04-25,France,Organic,iOS,Free
C00986,2024-03-01,USA,Google Ads,Android,Free
C00987,2024-08-19,Italy,Organic,Android,Basic
C00988,2024-02-25,Canada,Organic,Android,Free
C00989,2024-03-09,France,Organic,iOS,Free
C00990,2024-01-29,USA,Facebook Ads,Android,Free
C00991,2024-03-07,France,Google Ads,iOS,Free
C00992,2024-05-04,USA,Influencer,iOS,Basic
C00993,2024-06-19,USA,Organic,iOS,Free
C00994,2024-04-14,Germany,Influencer,Web,Basic
C00995,2024-01-16,UK,Organic,Android,Pro
C00996,2024-01-26,France,Referral,Android,Basic
C00997,2024-01-16,USA,Google Ads,Web,Basic
C00998,2024-02-07,UK,Organic,Android,Free
C00999,2024-02-19,USA,Email,Android,Free
C01000,2024-01-30,Italy,Google Ads,Android,Pro
C01001,2024-04-13,France,Facebook Ads,Android,Basic
C01002,2024-02-01,Canada,Facebook Ads,Android,Basic
C01003,2024-03-30,UK,Google Ads,Android,Basic
C01004,2024-04-24,USA,Google Ads,Web,Free
C01005,2024-02-29,Italy,Referral,Web,Free
C01006,2024-05-12,UK,Organic,iOS,Basic
C01007,2024-04-03,UK,Facebook Ads,iOS,Basic
C01008,2024-02-18,Canada,Email,Android,Free
C01009,2024-03-04,USA,Organic,iOS,Pro
C01010,2024-02-18,Spain,Organic,iOS,Free
C01011,2024-04-21,Germany,Referral,Web,Free
C01012,2024-04-08,USA,Google Ads,iOS,Pro
C01013,2024-03-22,USA,Google Ads,Web,Basic
C01014,2024-01-22,USA,Organic,Web,Free
C01015,2024-02-14,Spain,Google Ads,Web,Free
C01016,2024-02-07,Canada,Organic,iOS,Free
C01017,2024-01-10,USA,Google Ads,iOS,Basic
C01018,2024-01-28,USA,Referral,Android,Free
C01019,2024-01-27,Canada,Organic,iOS,Basic
C01020,2024-03-02,France,Google Ads,iOS,Pro
C01021,2024-04-18,UK,Influencer,iOS,Basic
C01022,2024-02-19,UK,Facebook Ads,iOS,Free
C01023,2024-03-02,USA,Email,iOS,Basic
C01024,2024-03-06,Canada,Google Ads,Web,Free
C01025,2024-03-09,Italy,Referral,iOS,Free
C01026,2024-03-16,USA,Organic,iOS,Free
C01027,2024-05-13,France,Organic,Android,Free
C01028,2024-03-01,UK,Organic,Web,Pro
C01029,2024-05-16,Germany,Google Ads,iOS,Free
C01030,2024-03-13,USA,Email,iOS,Free
C01031,2024-03-05,Spain,Google Ads,Android,Pro
C01032,2024-07-20,Germany,Facebook Ads,Web,Free
C01033,2024-04-22,France,Referral,Web,Basic
C01034,2024-01-12,UK,Facebook Ads,Android,Free
C01035,2024-04-02,USA,Google Ads,iOS,Free
C01036,2024-01-29,USA,Facebook Ads,Android,Pro
C01037,2024-03-13,Canada,Google Ads,iOS,Free
C01038,2024-01-31,USA,Organic,Android,Free
C01039,2024-03-24,Canada,Influencer,Web,Free
C01040,2024-05-31,UK,Organic,Web,Free
C01041,2024-04-02,UK,Organic,iOS,Free
C01042,2024-02-27,Germany,Email,iOS,Free
C01043,2024-02-19,UK,Google Ads,Android,Free
C01044,2024-05-26,USA,Facebook Ads,Web,Basic
C01045,2024-03-30,UK,Google Ads,Web,Free
C01046,2024-05-16,Canada,Google Ads,iOS,Free
C01047,2024-04-16,Canada,Organic,iOS,Free
C01048,2024-03-04,UK,Google Ads,Android,Pro
C01049,2024-03-21,Germany,Google Ads,iOS,Pro
C01050,2024-06-12,USA,Referral,Web,Basic
C01051,2024-03-09,USA,Google Ads,Android,Pro
C01052,2024-02-17,USA,Influencer,Web,Free
C01053,2024-02-14,Spain,Organic,Android,Free
C01054,2024-04-18,USA,Google Ads,Web,Free
C01055,2024-02-22,USA,Facebook Ads,iOS,Basic
C01056,2024-02-29,USA,Influencer,Web,Free
C01057,2024-04-30,USA,Organic,iOS,Free
C01058,2024-01-25,France,Facebook Ads,Android,Pro
C01059,2024-03-16,USA,Email,iOS,Basic
C01060,2024-05-11,USA,Organic,Android,Free
C01061,2024-03-23,Canada,Email,iOS,Basic
C01062,2024-03-14,UK,Organic,iOS,Free
C01063,2024-04-09,Canada,Referral,Web,Free
C01064,2024-03-29,France,Influencer,iOS,Free
C01065,2024-03-07,USA,Facebook Ads,Web,Free
C01066,2024-01-14,Canada,Google Ads,Web,Free
C01067,2024-04-12,USA,Organic,iOS,Basic
C01068,2024-01-25,Germany,Influencer,Android,Free
C01069,2024-04-19,UK,Google Ads,iOS,Free
C01070,2024-01-13,USA,Organic,iOS,Free
C01071,2024-02-03,France,Facebook Ads,Android,Free
C01072,2024-03-21,Spain,Google Ads,Web,Pro
C01073,2024-03-02,Italy,Organic,iOS,Free
C01074,2024-02-24,France,Organic,Android,Pro
C01075,2024-07-07,UK,Organic,Android,Pro
C01076,2024-04-17,USA,Facebook Ads,Web,Free
C01077,2024-01-14,USA,Facebook Ads,iOS,Free
C01078,2024-05-08,Germany,Google Ads,Android,Basic
C01079,2024-04-25,UK,Email,Android,Pro
C01080,2024-03-28,Italy,Email,Android,Basic
C01081,2024-02-19,UK,Facebook Ads,Web,Basic
C01082,2024-04-15,UK,Organic,Web,Basic
C01083,2024-03-18,UK,Facebook Ads,iOS,Free
C01084,2024-04-26,Spain,Google Ads,Android,Free
C01085,2024-02-08,Canada,Facebook Ads,Android,Basic
C01086,2024-02-16,France,Facebook Ads,iOS,Basic
C01087,2024-01-29,UK,Google Ads,Android,Free
C01088,2024-02-08,Spain,Email,Android,Free
C01089,2024-02-24,USA,Organic,Android,Free
C01090,2024-03-26,Spain,Facebook Ads,Web,Free
C01091,2024-02-10,Germany,Organic,iOS,Pro
C01092,2024-03-13,UK,Influencer,Web,Free
C01093,2024-05-13,Germany,Organic,Android,Free
C01094,2024-04-05,Canada,Organic,Android,Free
C01095,2024-02-19,USA,Google Ads,Web,Free
C01096,2024-01-04,Spain,Google Ads,Android,Free
C01097,2024-03-15,Germany,Organic,Android,Free
C01098,2024-02-17,UK,Facebook Ads,Android,Free
C01099,2024-02-01,USA,Google Ads,Android,Free
C01100,2024-03-16,UK,Organic,Web,Free
C01101,2024-05-01,Germany,Google Ads,Web,Free
C01102,2024-02-16,UK,Email,iOS,Pro
C01103,2024-04-24,Canada,Facebook Ads,iOS,Free
C01104,2024-03-02,UK,Referral,Android,Free
C01105,2024-04-04,Italy,Facebook Ads,iOS,Basic
C01106,2024-05-12,France,Google Ads,Android,Free
C01107,2024-01-05,Spain,Organic,iOS,Basic
C01108,2024-03-27,USA,Organic,Android,Free
C01109,2024-06-25,UK,Email,iOS,Free
C01110,2024-05-19,UK,Influencer,iOS,Basic
C01111,2024-02-03,France,Google Ads,Android,Pro
C01112,2024-03-24,Spain,Organic,Android,Free
C01113,2024-07-11,USA,Organic,Web,Free
C01114,2024-02-23,USA,Google Ads,Web,Free
C01115,2024-05-07,Spain,Facebook Ads,iOS,Pro
C01116,2024-03-20,USA,Organic,iOS,Pro
C01117,2024-02-26,Canada,Influencer,Web,Free
C01118,2024-05-02,France,Google Ads,Web,Free
C01119,2024-05-07,Spain,Email,Web,Free
C01120,2024-02-05,USA,Referral,iOS,Free
C01121,2024-05-22,USA,Referral,Web,Free
C01122,2024-01-02,France,Facebook Ads,iOS,Free
C01123,2024-02-26,Italy,Facebook Ads,Web,Basic
C01124,2024-03-19,UK,Facebook Ads,Web,Pro
C01125,2024-02-24,UK,Facebook Ads,iOS,Pro
C01126,2024-03-15,France,Facebook Ads,Web,Free
C01127,2024-02-19,Italy,Influencer,iOS,Free
C01128,2024-03-11,Spain,Referral,Web,Basic
C01129,2024-04-20,Italy,Referral,iOS,Free
C01130,2024-03-10,USA,Email,Web,Basic
C01131,2024-06-18,USA,Organic,iOS,Free
C01132,2024-03-12,France,Organic,Web,Free
C01133,2024-02-29,Spain,Google Ads,Android,Free
C01134,2024-07-28,UK,Google Ads,Android,Free
C01135,2024-05-12,USA,Email,iOS,Basic
C01136,2024-04-13,Australia,Google Ads,Web,Free
C01137,2024-01-18,USA,Facebook Ads,iOS,Free
C01138,2024-06-06,UK,Facebook Ads,Android,Free
C01139,2024-04-22,Germany,Organic,iOS,Basic
C01140,2024-01-27,France,Facebook Ads,Web,Free
C01141,2024-04-12,Australia,Email,iOS,Free
C01142,2024-02-06,UK,Organic,iOS,Free
C01143,2024-05-24,France,Facebook Ads,iOS,Free
C01144,2024-05-31,France,Facebook Ads,Android,Free
C01145,2024-04-25,France,Organic,iOS,Basic
C01146,2024-02-17,Canada,Organic,Android,Free
C01147,2024-04-25,USA,Influencer,Web,Free
C01148,2024-01-24,USA,Google Ads,Web,Basic
C01149,2024-03-23,USA,Organic,Android,Free
C01150,2024-02-29,USA,Organic,iOS,Free
C01151,2024-03-01,Germany,Facebook Ads,Android,Free
C01152,2024-01-24,Spain,Facebook Ads,iOS,Free
C01153,2024-03-18,Canada,Facebook Ads,Web,Basic
C01154,2024-02-03,Australia,Organic,iOS,Basic
C01155,2024-02-20,UK,Email,Android,Basic
C01156,2024-04-11,UK,Google Ads,iOS,Basic
C01157,2024-03-19,UK,Google Ads,Web,Free
C01158,2024-02-20,USA,Google Ads,iOS,Free
C01159,2024-02-03,USA,Google Ads,Android,Free
C01160,2024-02-18,France,Email,iOS,Free
C01161,2024-02-20,Italy,Influencer,Web,Pro
C01162,2024-02-28,USA,Google Ads,Web,Basic
C01163,2024-04-05,USA,Email,Android,Free
C01164,2024-02-28,Australia,Referral,Android,Free
C01165,2024-06-15,USA,Influencer,Web,Free
C01166,2024-02-04,Spain,Organic,Android,Free
C01167,2024-03-28,Canada,Facebook Ads,Android,Free
C01168,2024-01-29,Italy,Organic,Android,Free
C01169,2024-02-07,UK,Email,Android,Basic
C01170,2024-01-02,Canada,Organic,iOS,Basic
C01171,2024-02-06,Germany,Facebook Ads,Web,Free
C01172,2024-01-12,France,Google Ads,Android,Free
C01173,2024-02-24,Germany,Google Ads,iOS,Free
C01174,2024-02-14,USA,Facebook Ads,Web,Basic
C01175,2024-01-14,Germany,Email,Android,Basic
C01176,2024-03-15,Germany,Facebook Ads,iOS,Pro
C01177,2024-05-19,Spain,Email,Android,Free
C01178,2024-07-02,Australia,Organic,Web,Basic
C01179,2024-01-17,Canada,Google Ads,Web,Free
C01180,2024-03-21,USA,Google Ads,Web,Free
C01181,2024-04-04,Australia,Organic,Web,Free
C01182,2024-04-19,Germany,Facebook Ads,iOS,Free
C01183,2024-02-27,Spain,Facebook Ads,Android,Basic
C01184,2024-03-29,Italy,Facebook Ads,Web,Free
C01185,2024-04-20,USA,Referral,Android,Free
C01186,2024-05-30,Spain,Facebook Ads,Android,Free
C01187,2024-03-16,USA,Organic,Android,Free
C01188,2024-01-10,UK,Organic,Android,Free
C01189,2024-02-28,France,Facebook Ads,Web,Free
C01190,2024-04-02,USA,Organic,Android,Free
C01191,2024-02-17,Australia,Organic,Android,Free
C01192,2024-04-13,USA,Google Ads,Web,Pro
C01193,2024-01-22,USA,Facebook Ads,Android,Free
C01194,2024-06-24,France,Google Ads,iOS,Free
C01195,2024-02-14,Canada,Referral,Android,Free
C01196,2024-01-26,Italy,Facebook Ads,Web,Basic
C01197,2024-02-04,Canada,Google Ads,Web,Basic
C01198,2024-05-05,Canada,Referral,Web,Free
C01199,2024-02-07,UK,Facebook Ads,Web,Free
C01200,2024-03-25,USA,Facebook Ads,iOS,Basic
C01201,2024-06-07,USA,Facebook Ads,Web,Basic
C01202,2024-02-03,Germany,Organic,Web,Basic
C01203,2024-05-16,Canada,Facebook Ads,iOS,Pro
C01204,2024-04-18,UK,Google Ads,iOS,Pro
C01205,2024-01-11,Australia,Influencer,Web,Free
C01206,2024-05-01,Germany,Email,Web,Free
C01207,2024-04-24,USA,Facebook Ads,Web,Basic
C01208,2024-01-10,USA,Organic,Web,Basic
C01209,2024-03-10,Spain,Organic,Android,Free
C01210,2024-03-18,Australia,Google Ads,Android,Pro
C01211,2024-02-26,Spain,Google Ads,Android,Free
C01212,2024-02-17,USA,Organic,iOS,Free
C01213,2024-01-18,Italy,Google Ads,Web,Pro
C01214,2024-04-04,USA,Organic,Android,Free
C01215,2024-01-03,USA,Influencer,Android,Free
C01216,2024-03-12,Italy,Organic,Android,Free
C01217,2024-02-22,UK,Influencer,Android,Free
C01218,2024-03-03,Canada,Email,iOS,Free
C01219,2024-04-07,USA,Facebook Ads,iOS,Free
C01220,2024-02-21,France,Referral,iOS,Free
C01221,2024-03-31,Italy,Google Ads,iOS,Pro
C01222,2024-03-06,UK,Facebook Ads,Web,Pro
C01223,2024-02-18,Canada,Google Ads,iOS,Free
C01224,2024-03-12,USA,Google Ads,iOS,Basic
C01225,2024-03-29,France,Facebook Ads,Android,Free
C01226,2024-03-30,UK,Google Ads,Android,Free
C01227,2024-01-05,USA,Facebook Ads,iOS,Free
C01228,2024-04-10,UK,Organic,Web,Pro
C01229,2024-03-16,USA,Google Ads,Web,Pro
C01230,2024-01-09,Italy,Organic,iOS,Free
C01231,2024-04-19,UK,Organic,iOS,Free
C01232,2024-03-17,USA,Organic,Web,Free
C01233,2024-06-16,Germany,Organic,Web,Free
C01234,2024-02-03,UK,Organic,Android,Free
C01235,2024-04-11,Australia,Email,iOS,Free
C01236,2024-02-25,Italy,Organic,Android,Basic
C01237,2024-05-11,UK,Facebook Ads,Android,Free
C01238,2024-03-10,Spain,Organic,iOS,Pro
C01239,2024-06-16,France,Email,Android,Basic
C01240,2024-01-21,USA,Google Ads,Android,Free
C01241,2024-03-19,Canada,Google Ads,iOS,Basic
C01242,2024-04-10,Germany,Google Ads,Web,Basic
C01243,2024-04-14,Canada,Google Ads,Web,Free
C01244,2024-05-21,Spain,Facebook Ads,iOS,Free
C01245,2024-03-23,Germany,Organic,Web,Pro
C01246,2024-01-15,Italy,Influencer,iOS,Free
C01247,2024-02-10,Australia,Google Ads,Web,Free
C01248,2024-01-25,Germany,Google Ads,iOS,Free
C01249,2024-07-01,France,Referral,iOS,Basic
C01250,2024-02-27,UK,Google Ads,Android,Basic
C01251,2024-02-23,Italy,Email,Android,Pro
C01252,2024-04-01,Canada,Google Ads,Web,Free
C01253,2024-04-09,USA,Referral,Android,Free
C01254,2024-03-06,UK,Organic,iOS,Free
C01255,2024-03-25,France,Email,Android,Basic
C01256,2024-04-20,USA,Referral,Android,Free
C01257,2024-02-04,USA,Organic,iOS,Free
C01258,2024-03-30,Germany,Organic,Android,Free
C01259,2024-03-21,UK,Google Ads,Web,Free
C01260,2024-04-27,UK,Influencer,Web,Pro
C01261,2024-04-30,USA,Organic,Web,Basic
C01262,2024-02-16,USA,Google Ads,iOS,Pro
C01263,2024-01-17,Canada,Organic,Web,Free
C01264,2024-03-12,Germany,Google Ads,Android,Pro
C01265,2024-04-02,USA,Facebook Ads,Android,Basic
C01266,2024-05-18,UK,Influencer,Android,Free
C01267,2024-01-29,France,Google Ads,Web,Pro
C01268,2024-01-17,USA,Email,Web,Free
C01269,2024-02-04,USA,Facebook Ads,Web,Pro
C01270,2024-01-16,USA,Organic,Web,Pro
C01271,2024-03-25,Spain,Google Ads,Web,Basic
C01272,2024-03-15,Australia,Facebook Ads,Web,Free
C01273,2024-03-31,Australia,Influencer,Android,Free
C01274,2024-02-05,Canada,Email,iOS,Free
C01275,2024-04-16,Canada,Organic,Android,Free
C01276,2024-02-11,Germany,Organic,iOS,Basic
C01277,2024-03-16,Canada,Organic,Android,Basic
C01278,2024-06-20,USA,Influencer,Android,Pro
C01279,2024-02-08,France,Email,Android,Free
C01280,2024-02-14,Australia,Referral,Web,Basic
C01281,2024-02-02,Germany,Google Ads,Web,Pro
C01282,2024-02-16,UK,Google Ads,iOS,Basic
C01283,2024-05-18,USA,Google Ads,Android,Free
C01284,2024-05-28,Canada,Organic,Android,Free
C01285,2024-03-19,Canada,Google Ads,Android,Free
C01286,2024-03-11,Spain,Organic,Web,Basic
C01287,2024-01-28,UK,Organic,Android,Basic
C01288,2024-02-27,Australia,Email,Android,Pro
C01289,2024-01-23,France,Referral,Web,Free
C01290,2024-05-14,Spain,Google Ads,Web,Free
C01291,2024-01-11,Germany,Google Ads,iOS,Basic
C01292,2024-06-27,Germany,Google Ads,Web,Basic
C01293,2024-03-14,France,Referral,Android,Pro
C01294,2024-03-19,Australia,Referral,iOS,Basic
C01295,2024-06-01,Italy,Referral,iOS,Free
C01296,2024-02-18,USA,Referral,Android,Basic
C01297,2024-03-04,USA,Organic,iOS,Basic
C01298,2024-05-01,Italy,Google Ads,iOS,Free
C01299,2024-05-02,Germany,Google Ads,Android,Free
C01300,2024-03-13,France,Google Ads,Web,Free
C01301,2024-03-13,Germany,Referral,iOS,Free
C01302,2024-06-04,USA,Google Ads,iOS,Basic
C01303,2024-02-26,Australia,Organic,Web,Free
C01304,2024-03-01,Australia,Google Ads,iOS,Free
C01305,2024-04-05,UK,Influencer,Web,Free
C01306,2024-03-03,UK,Organic,Android,Free
C01307,2024-02-28,Spain,Facebook Ads,iOS,Free
C01308,2024-04-07,USA,Google Ads,iOS,Basic
C01309,2024-04-21,Spain,Organic,iOS,Free
C01310,2024-02-07,USA,Google Ads,iOS,Free
C01311,2024-03-14,France,Referral,iOS,Free
C01312,2024-05-13,Italy,Google Ads,Android,Free
C01313,2024-04-07,Canada,Email,iOS,Free
C01314,2024-03-18,UK,Organic,Android,Free
C01315,2024-03-31,Canada,Organic,Android,Pro
C01316,2024-01-28,UK,Influencer,iOS,Basic
C01317,2024-03-01,USA,Google Ads,iOS,Free
C01318,2024-02-08,Italy,Facebook Ads,iOS,Free
C01319,2024-03-19,Australia,Referral,iOS,Pro
C01320,2024-05-27,Canada,Google Ads,Web,Basic
C01321,2024-02-05,UK,Referral,iOS,Free
C01322,2024-03-09,USA,Organic,Web,Basic
C01323,2024-02-13,USA,Organic,Android,Basic
C01324,2024-02-03,France,Organic,Android,Basic
C01325,2024-03-28,Australia,Email,Android,Free
C01326,2024-01-30,Germany,Organic,Web,Free
C01327,2024-04-02,Spain,Referral,iOS,Free
C01328,2024-04-06,USA,Influencer,iOS,Pro
C01329,2024-02-16,UK,Facebook Ads,Android,Free
C01330,2024-03-14,USA,Facebook Ads,iOS,Free
C01331,2024-07-09,Germany,Google Ads,Android,Pro
C01332,2024-01-10,USA,Google Ads,Android,Pro
C01333,2024-02-29,Italy,Google Ads,Android,Pro
C01334,2024-06-07,USA,Facebook Ads,Android,Pro
C01335,2024-04-02,Italy,Influencer,Android,Pro
C01336,2024-04-12,UK,Influencer,Web,Free
C01337,2024-05-24,Italy,Email,Web,Basic
C01338,2024-05-02,France,Email,Android,Basic
C01339,2024-03-29,Italy,Google Ads,Android,Free
C01340,2024-04-14,USA,Facebook Ads,Web,Free
C01341,2024-02-07,Australia,Email,Android,Pro
C01342,2024-03-02,Italy,Google Ads,Android,Free
C01343,2024-05-24,USA,Influencer,Web,Pro
C01344,2024-05-26,USA,Google Ads,Android,Free
C01345,2024-03-19,UK,Facebook Ads,iOS,Free
C01346,2024-03-07,Italy,Referral,Web,Free
C01347,2024-02-07,France,Influencer,iOS,Free
C01348,2024-04-12,Germany,Organic,Web,Basic
C01349,2024-01-10,USA,Referral,Web,Free
C01350,2024-02-09,USA,Facebook Ads,Web,Free
C01351,2024-03-28,Spain,Organic,iOS,Free
C01352,2024-03-23,USA,Referral,Android,Free
C01353,2024-03-08,France,Facebook Ads,Android,Free
C01354,2024-03-03,Italy,Facebook Ads,iOS,Basic
C01355,2024-01-19,USA,Google Ads,iOS,Free
C01356,2024-05-27,Canada,Google Ads,Android,Free
C01357,2024-02-11,USA,Facebook Ads,Android,Free
C01358,2024-03-26,France,Google Ads,iOS,Free
C01359,2024-06-06,USA,Organic,Android,Free
C01360,2024-04-22,Australia,Influencer,Web,Free
C01361,2024-06-15,UK,Google Ads,Web,Basic
C01362,2024-02-10,Germany,Referral,Web,Pro
C01363,2024-02-25,France,Google Ads,Android,Basic
C01364,2024-05-07,USA,Google Ads,Web,Free
C01365,2024-03-05,Australia,Google Ads,Web,Free
C01366,2024-02-04,UK,Google Ads,iOS,Free
C01367,2024-06-19,Canada,Facebook Ads,iOS,Basic
C01368,2024-02-21,USA,Facebook Ads,Android,Pro
C01369,2024-03-23,Canada,Google Ads,Android,Free
C01370,2024-03-12,USA,Organic,Android,Free
C01371,2024-03-20,UK,Google Ads,Android,Basic
C01372,2024-02-14,USA,Organic,Web,Basic
C01373,2024-01-09,Australia,Organic,Android,Basic
C01374,2024-04-02,USA,Influencer,iOS,Basic
C01375,2024-04-05,Spain,Facebook Ads,Web,Pro
C01376,2024-01-21,Spain,Facebook Ads,iOS,Free
C01377,2024-02-24,USA,Google Ads,Web,Pro
C01378,2024-01-22,France,Email,iOS,Pro
C01379,2024-04-23,USA,Facebook Ads,Web,Basic
C01380,2024-01-23,UK,Referral,iOS,Free
C01381,2024-04-03,Canada,Google Ads,iOS,Free
C01382,2024-04-10,Canada,Influencer,iOS,Free
C01383,2024-03-06,France,Email,Web,Free
C01384,2024-06-15,UK,Email,Web,Pro
C01385,2024-01-06,UK,Organic,Android,Free
C01386,2024-04-18,USA,Organic,Web,Free
C01387,2024-04-02,Canada,Organic,Android,Basic
C01388,2024-05-13,Germany,Organic,Android,Free
C01389,2024-06-21,Canada,Email,Web,Free
C01390,2024-03-16,USA,Organic,iOS,Free
C01391,2024-03-02,UK,Organic,iOS,Basic
C01392,2024-05-23,UK,Organic,Web,Free
C01393,2024-02-13,USA,Organic,Web,Basic
C01394,2024-04-26,UK,Organic,Web,Free
C01395,2024-03-26,Spain,Referral,Web,Pro
C01396,2024-06-06,Spain,Facebook Ads,iOS,Free
C01397,2024-01-20,Germany,Organic,Web,Free
C01398,2024-01-17,Germany,Google Ads,Android,Free
C01399,2024-02-25,USA,Google Ads,Web,Free
C01400,2024-03-15,Spain,Organic,Android,Free
